/* Sensors */
INSERT INTO sensors VALUES ('7066393a-8e41-433e-bc47-a96434005260', 'temperature', CURRENT_TIMESTAMP, CURRENT_TIMESTAMP);
INSERT INTO sensors VALUES ('7da338ed-be4c-4540-8668-0d5bebe26367', 'humidity', CURRENT_TIMESTAMP, CURRENT_TIMESTAMP);

/* Nodes */
INSERT INTO nodes VALUES ('e7907978-88a1-4296-829a-f16d6ade0546', 'Värmeröret', 1066, CURRENT_TIMESTAMP, CURRENT_TIMESTAMP);
INSERT INTO nodes VALUES ('337845e5-5f0f-4156-a284-b2d4e4b90b9b', 'Växthus', 1093, CURRENT_TIMESTAMP, CURRENT_TIMESTAMP);
INSERT INTO nodes VALUES ('986699da-77e6-4b8d-a267-719db240cd20', 'Altan Vägg', 1096, CURRENT_TIMESTAMP, CURRENT_TIMESTAMP);

/* Temperature trackers */
INSERT INTO trackers VALUES ('f0310b32-e8b7-49c3-aab8-39cc9bb2393b', 'e7907978-88a1-4296-829a-f16d6ade0546', '7066393a-8e41-433e-bc47-a96434005260', CURRENT_TIMESTAMP, CURRENT_TIMESTAMP);
INSERT INTO trackers VALUES ('df6517ba-e742-4608-8193-36f156e79e24', '337845e5-5f0f-4156-a284-b2d4e4b90b9b', '7066393a-8e41-433e-bc47-a96434005260', CURRENT_TIMESTAMP, CURRENT_TIMESTAMP);
INSERT INTO trackers VALUES ('a52c0407-3fc6-405c-ae96-c979eb706d4f', '986699da-77e6-4b8d-a267-719db240cd20', '7066393a-8e41-433e-bc47-a96434005260', CURRENT_TIMESTAMP, CURRENT_TIMESTAMP);

/* Humidity trackers */
INSERT INTO trackers VALUES ('069b0aaf-b44e-4a56-8cef-526037fd3f42', '337845e5-5f0f-4156-a284-b2d4e4b90b9b', '7da338ed-be4c-4540-8668-0d5bebe26367', CURRENT_TIMESTAMP, CURRENT_TIMESTAMP);
INSERT INTO trackers VALUES ('b789fda5-f325-4f70-b125-756d84bfc1df', '986699da-77e6-4b8d-a267-719db240cd20', '7da338ed-be4c-4540-8668-0d5bebe26367', CURRENT_TIMESTAMP, CURRENT_TIMESTAMP);
